,Date,Last Px,Vol,SMAVG
Th,3/1/2012,64.83,8.814M,9.728M
We,2/29/2012,65.08,11.49M,9.6M
Tu,2/28/2012,65.18,11.581M,9.451M
Mo,2/27/2012,64.45,8.523M,9.314M
,,,,
Fr,2/24/2012,64.46,10.479M,9.348M
Th,2/23/2012,65.1,8.995M,9.202M
We,2/22/2012,65,8.151M,9.421M
Tu,2/21/2012,65.04,8.083M,9.782M
,,,,
Fr,2/17/2012,64.99,9.057M,9.742M
Th,2/16/2012,64.92,8.194M,9.836M
We,2/15/2012,64.65,9.023M,10.126M
Tu,2/14/2012,64.61,8.979M,10.25M
Mo,2/13/2012,64.68,9.662M,10.476M
,,,,
Fr,2/10/2012,64.6,13.955M,10.507M
Th,2/9/2012,64.89,10.936M,10.558M
We,2/8/2012,65.24,6.889M,10.609M
Tu,2/7/2012,65.26,9.248M,10.689M
Mo,2/6/2012,65.19,9.536M,10.63M
,,,,
Fr,2/3/2012,65.64,9.036M,10.593M
Th,2/2/2012,65.59,8.282M,10.484M
We,2/1/2012,65.69,12.276M,10.384M
Tu,1/31/2012,65.91,13.568M,10.131M
Mo,1/30/2012,65.71,7.487M,9.755M
,,,,
Fr,1/27/2012,65.56,10.47M,10.28M
Th,1/26/2012,65.7,12.546M,10.374M
We,1/25/2012,65.22,10.881M,10.154M
Tu,1/24/2012,65,12.368M,10.503M
Mo,1/23/2012,65,10.125M,10.009M
,,,,
Fr,1/20/2012,65.27,14.715M,9.714M
Th,1/19/2012,65.19,11.7M,9.13M
We,1/18/2012,65.28,8.096M,8.683M
Tu,1/17/2012,65.12,8.36M,8.577M
,,,,
Fr,1/13/2012,65.26,8.979M,8.514M
Th,1/12/2012,65.23,7.403M,8.484M
We,1/11/2012,65.13,6.785M,8.807M
Tu,1/10/2012,65.2,8.477M,8.956M
Mo,1/9/2012,64.93,7.935M,9.672M
,,,,
Fr,1/6/2012,64.83,15.36M,9.787M
Th,1/5/2012,65.4,11.887M,9.416M
We,1/4/2012,65.48,9.243M,9.572M
Tu,1/3/2012,65.88,16.116M,9.676M
,,,,
Fr,12/30/2011,65.58,4.96M,9.191M
Th,12/29/2011,65.88,5.702M,9.498M
We,12/28/2011,65.45,5.944M,9.885M
Tu,12/27/2011,66.02,4.995M,10.183M
,,,,
Fr,12/23/2011,65.98,6.503M,10.87M
Th,12/22/2011,65.18,7.428M,11.489M
We,12/21/2011,64.96,8.518M,11.651M
Tu,12/20/2011,64.52,12.248M,12.085M
Mo,12/19/2011,63.53,9.025M,11.864M
,,,,
Fr,12/16/2011,64.3,19.214M,12.041M
Th,12/15/2011,64,9.657M,11.149M
We,12/14/2011,63.18,9.802M,11.196M
Tu,12/13/2011,63.36,14.219M,11.121M
Mo,12/12/2011,63.51,10.81M,12.36M
,,,,
Fr,12/9/2011,64.53,8.836M,12.484M
Th,12/8/2011,63.78,9.568M,12.823M
We,12/7/2011,64.45,11.506M,12.745M
Tu,12/6/2011,63.49,10.418M,12.693M
Mo,12/5/2011,63.36,15.294M,12.55M
,,,,
Fr,12/2/2011,63.47,15.793M,12.136M
Th,12/1/2011,64.45,9.853M,11.59M
We,11/30/2011,64.72,15.033M,11.671M
Tu,11/29/2011,62.78,8.93M,11.202M
Mo,11/28/2011,62.37,11.678M,11.192M
,,,,
Fr,11/25/2011,61.27,5.839M,11.062M
We,11/23/2011,61.99,10.363M,11.358M
Tu,11/22/2011,62.9,8.681M,11.343M
Mo,11/21/2011,62.94,32.807M,11.748M
,,,,
Fr,11/18/2011,63.85,12.66M,10.475M
Th,11/17/2011,63.94,13.925M,10.324M
We,11/16/2011,64.4,8.398M,10.492M
Tu,11/15/2011,64.99,10.726M,10.595M
Mo,11/14/2011,64.91,8.276M,10.568M
,,,,
Fr,11/11/2011,65.25,9.087M,10.853M
Th,11/10/2011,64.12,7.597M,11.126M
We,11/9/2011,63.53,11.073M,11.39M
Tu,11/8/2011,64.86,7.989M,11.983M
Mo,11/7/2011,64,8.784M,12.231M
,,,,
Fr,11/4/2011,64.12,9.726M,12.365M
Th,11/3/2011,64.34,10.275M,12.162M
We,11/2/2011,63.64,10.136M,11.996M
Tu,11/1/2011,63.38,14.754M,11.945M
Mo,10/31/2011,64.39,13.721M,11.47M
,,,,
Fr,10/28/2011,65.6,10.391M,11.029M
Th,10/27/2011,65.5,16.451M,11.16M
We,10/26/2011,64.49,9.932M,10.703M
Tu,10/25/2011,63.69,10.325M,11.068M
Mo,10/24/2011,64.73,12.553M,11.593M
,,,,
Fr,10/21/2011,63.78,13.176M,11.882M
Th,10/20/2011,62.53,11.563M,11.974M
We,10/19/2011,62.64,19.965M,11.798M
Tu,10/18/2011,64.42,11.705M,11.064M
Mo,10/17/2011,63.79,10.8M,11.159M
,,,,
Fr,10/14/2011,64.72,6.679M,11.143M
Th,10/13/2011,64.23,7.781M,11.43M
We,10/12/2011,64.33,9.375M,12.208M
Tu,10/11/2011,63.96,7.629M,12.253M
Mo,10/10/2011,64.43,7.107M,12.469M
,,,,
Fr,10/7/2011,63.13,12.362M,12.567M
Th,10/6/2011,62.81,9.595M,12.789M
We,10/5/2011,62.35,15.406M,12.857M
Tu,10/4/2011,62.17,18.192M,12.725M
Mo,10/3/2011,62.08,16.891M,12.286M
,,,,
Fr,9/30/2011,63.69,14.557M,12.056M
Th,9/29/2011,63.9,8.923M,12.22M
We,9/28/2011,63.25,8.964M,12.662M
Tu,9/27/2011,63.82,13.119M,12.782M
Mo,9/26/2011,62.69,10.562M,12.964M
,,,,
Fr,9/23/2011,61.59,10.984M,13.174M
Th,9/22/2011,61.92,19.457M,13.184M
We,9/21/2011,63.13,10.042M,12.858M
Tu,9/20/2011,64.22,10.875M,12.934M
Mo,9/19/2011,64.14,8.572M,13.067M
,,,,
Fr,9/16/2011,64.59,15.689M,13.439M
Th,9/15/2011,64.4,10.626M,13.269M
We,9/14/2011,63.73,13.429M,13.529M
Tu,9/13/2011,63.61,11.596M,13.625M
Mo,9/12/2011,63.59,13.449M,13.765M
,,,,
Fr,9/9/2011,63.64,17.008M,14.161M
Th,9/8/2011,64.95,15.553M,14.586M
We,9/7/2011,65.43,10.768M,14.339M
Tu,9/6/2011,64.64,15.848M,14.497M
,,,,
Fr,9/2/2011,64.07,13.714M,16.065M
Th,9/1/2011,65.33,11.141M,17.972M
We,8/31/2011,65.8,14.555M,19.464M
Tu,8/30/2011,65.77,11.183M,20.673M
Mo,8/29/2011,65.86,12.868M,22.346M
,,,,
Fr,8/26/2011,64.28,14.151M,23.65M
Th,8/25/2011,64.55,13.143M,24.309M
We,8/24/2011,65.53,14.524M,24.999M
Tu,8/23/2011,64.97,14.879M,25.208M
Mo,8/22/2011,63.29,13.69M,25.357M
,,,,
Fr,8/19/2011,63.14,19.395M,25.501M
Th,8/18/2011,63.16,23.377M,25.33M
We,8/17/2011,64.26,11.848M,24.433M
Tu,8/16/2011,64.36,13.142M,24.497M
Mo,8/15/2011,64.59,39.362M,24.288M
,,,,
Fr,8/12/2011,63.36,42.326M,22.347M
Th,8/11/2011,63.44,33.514M,20.04M
We,8/10/2011,60.2,32.69M,18.566M
Tu,8/9/2011,62.2,36.288M,16.981M
Mo,8/8/2011,61.12,32.423M,15.473M
,,,,
Fr,8/5/2011,62.71,24.038M,14.003M
Th,8/4/2011,61.84,23.486M,13.083M
We,8/3/2011,63.41,17.66M,12.16M
Tu,8/2/2011,63.43,17.118M,11.585M
Mo,8/1/2011,64.41,15.844M,11.146M
,,,,
Fr,7/29/2011,64.79,16.831M,10.684M
Th,7/28/2011,65.08,9.92M,10.086M
We,7/27/2011,65.23,12.812M,9.986M
Tu,7/26/2011,65.92,10.009M,9.605M
Mo,7/25/2011,66.25,10.252M,9.59M
,,,,
Fr,7/22/2011,66.72,7.721M,9.521M
Th,7/21/2011,66.47,11.398M,9.656M
We,7/20/2011,66.24,8.913M,9.511M
Tu,7/19/2011,66.72,13.677M,9.432M
Mo,7/18/2011,67.09,10.364M,9M
,,,,
Fr,7/15/2011,67.45,10.246M,9.188M
Th,7/14/2011,67.66,9.638M,9.588M
We,7/13/2011,67.63,9.032M,9.478M
Tu,7/12/2011,67.03,10.529M,9.53M
Mo,7/11/2011,67.27,8.919M,9.449M
,,,,
Fr,7/8/2011,67.57,7.866M,9.811M
Th,7/7/2011,67.92,8.415M,10.066M
We,7/6/2011,67.55,7.1M,10.346M
Tu,7/5/2011,67.62,9.773M,10.632M
,,,,
Fr,7/1/2011,67.3,9.217M,10.524M
Th,6/30/2011,66.52,9.747M,10.53M
We,6/29/2011,66.31,9.227M,10.817M
Tu,6/28/2011,65.91,7.725M,10.87M
Mo,6/27/2011,65.25,7.204M,11.052M
,,,,
Fr,6/24/2011,65.06,13.186M,11.131M
Th,6/23/2011,65.67,16.235M,10.943M
We,6/22/2011,66.07,7.994M,10.5M
Tu,6/21/2011,66.49,9.811M,10.7M
Mo,6/20/2011,66.51,9.309M,11.145M
,,,,
Fr,6/17/2011,66.29,14.358M,11.616M
Th,6/16/2011,66.32,11.684M,11.463M
We,6/15/2011,66.16,12.624M,11.668M
Tu,6/14/2011,67.1,11.389M,11.561M
Mo,6/13/2011,66.59,8.146M,11.604M
,,,,
Fr,6/10/2011,66.09,9.313M,11.885M
Th,6/9/2011,66.78,14.054M,11.911M
We,6/8/2011,66.14,10.021M,11.576M
Tu,6/7/2011,65.5,10.452M,11.627M
Mo,6/6/2011,66.05,8.392M,11.697M
,,,,
Fr,6/3/2011,66.09,10.365M,11.918M
Th,6/2/2011,66.48,9.583M,12.269M
We,6/1/2011,66.48,11.004M,12.964M
Tu,5/31/2011,67.29,16.474M,12.876M
,,,,
Fr,5/27/2011,66.77,16.386M,12.379M
Th,5/26/2011,65.51,12.054M,12.08M
We,5/25/2011,66.29,14.769M,12.272M
Tu,5/24/2011,65.78,11.018M,12.183M
Mo,5/23/2011,65.56,12.026M,12.322M
,,,,
Fr,5/20/2011,65.69,12.372M,12.551M
Th,5/19/2011,66.39,9.694M,12.533M
We,5/18/2011,66.5,9.024M,12.76M
Tu,5/17/2011,66.4,10.795M,13.744M
Mo,5/16/2011,66.37,11.5M,13.993M
,,,,
Fr,5/13/2011,66.62,11.707M,13.708M
Th,5/12/2011,67.19,15.635M,13.708M
We,5/11/2011,66.57,19.995M,14.448M
Tu,5/10/2011,65.76,9.697M,14.855M
Mo,5/9/2011,65.63,9.006M,15.545M
,,,,
Fr,5/6/2011,65.27,11.912M,16.186M
Th,5/5/2011,65.01,14.936M,16.087M
We,5/4/2011,65.67,13.422M,15.792M
Tu,5/3/2011,66.26,13.107M,15.512M
Mo,5/2/2011,66.21,15.463M,15.295M
,,,,
Fr,4/29/2011,65.72,12.104M,14.788M
Th,4/28/2011,65.38,13.095M,14.598M
We,4/27/2011,65.57,23.78M,14.392M
Tu,4/26/2011,64.95,14.538M,13.514M
Mo,4/25/2011,64.11,7.228M,13.172M
,,,,
Th,4/21/2011,64.07,11.698M,13.352M
We,4/20/2011,64.39,26.744M,13.218M
Tu,4/19/2011,62.69,26.1M,12.152M
Mo,4/18/2011,60.46,20.044M,11.031M
,,,,
Fr,4/15/2011,60.56,18.614M,10.253M
Th,4/14/2011,60.02,10.431M,9.552M
We,4/13/2011,59.6,10.515M,9.433M
Tu,4/12/2011,59.94,9.224M,9.393M
Mo,4/11/2011,59.86,9.848M,9.455M
,,,,
Fr,4/8/2011,59.46,7.86M,9.511M
Th,4/7/2011,59.48,9.244M,9.947M
We,4/6/2011,59.66,10.012M,10.161M
Tu,4/5/2011,59.8,10.604M,10.628M
Mo,4/4/2011,60.15,9.422M,10.99M
,,,,
Fr,4/1/2011,59.49,9.916M,11.148M
Th,3/31/2011,59.25,9.693M,11.182M
We,3/30/2011,59.38,10.749M,11.526M
Tu,3/29/2011,59.22,9.286M,11.482M
Mo,3/28/2011,59.24,8.385M,11.455M
,,,,
Fr,3/25/2011,58.98,8.085M,11.535M
Th,3/24/2011,59.03,8.659M,11.759M
We,3/23/2011,58.72,9.902M,11.702M
Tu,3/22/2011,58.79,10.158M,11.726M
Mo,3/21/2011,58.83,10.694M,11.985M
,,,,
Fr,3/18/2011,58.57,14.391M,12.607M
Th,3/17/2011,58.13,12.46M,12.439M
We,3/16/2011,57.66,17.015M,12.393M
Tu,3/15/2011,58.48,16.031M,12.065M
Mo,3/14/2011,59.13,11.79M,11.733M
,,,,
Fr,3/11/2011,59.69,10.432M,11.773M
Th,3/10/2011,59.61,14.858M,11.554M
We,3/9/2011,60.4,10.077M,11.192M
Tu,3/8/2011,60.71,8.887M,11.092M
Mo,3/7/2011,60.4,9.589M,11.041M
,,,,
Fr,3/4/2011,61.06,11.439M,11.044M
Th,3/3/2011,61.05,7.803M,10.857M
We,3/2/2011,60.81,10.265M,10.906M
Tu,3/1/2011,60.7,14.036M,10.747M
Mo,2/28/2011,61.44,20.034M,10.359M
,,,,
Fr,2/25/2011,59.64,11.866M,9.672M
Th,2/24/2011,60.25,11.769M,9.553M
We,2/23/2011,60.39,12.101M,9.435M
Tu,2/22/2011,60.65,11.051M,9.613M
,,,,
Fr,2/18/2011,61.11,12.393M,10.147M
Th,2/17/2011,60.79,7.141M,10.341M
We,2/16/2011,60.52,9.426M,10.613M
Tu,2/15/2011,60.62,8.573M,11.336M
Mo,2/14/2011,60.7,8.132M,12.635M
,,,,
Fr,2/11/2011,60.7,9.631M,12.851M
Th,2/10/2011,60.93,8.636M,13.071M
We,2/9/2011,60.88,8.542M,13.264M
Tu,2/8/2011,60.94,7.868M,13.334M
Mo,2/7/2011,60.87,8.22M,13.739M
,,,,
Fr,2/4/2011,60.84,9.726M,13.943M
Th,2/3/2011,60.8,10.085M,13.927M
We,2/2/2011,60.62,9.994M,13.809M
Tu,2/1/2011,60.63,14.78M,13.634M
Mo,1/31/2011,59.77,19.056M,13.301M
,,,,
Fr,1/28/2011,60.01,15.3M,12.769M
Th,1/27/2011,60.68,11.224M,12.256M
We,1/26/2011,60.6,20.267M,12.297M
Tu,1/25/2011,61.08,28.057M,11.769M
Mo,1/24/2011,62.22,11.382M,10.892M
,,,,
Fr,1/21/2011,62.66,12.935M,10.465M
Th,1/20/2011,62.86,11.523M,9.988M
We,1/19/2011,62.56,9.597M,9.551M
Tu,1/18/2011,62.1,13.945M,9.335M
,,,,
Fr,1/14/2011,62.55,11.275M,8.75M
Th,1/13/2011,62.91,9.49M,8.481M
We,1/12/2011,62.5,8.313M,8.439M
Tu,1/11/2011,62.27,7.373M,8.412M
Mo,1/10/2011,62.16,9.775M,8.514M
,,,,
Fr,1/7/2011,62.6,11.085M,8.926M
Th,1/6/2011,63.21,7.607M,8.931M
We,1/5/2011,63.31,11.838M,9.193M
Tu,1/4/2011,63.35,12.347M,9.303M
Mo,1/3/2011,62.82,14.898M,9.391M
,,,,
Fr,12/31/2010,61.85,4.981M,9.162M
Th,12/30/2010,61.94,5.77M,9.694M
We,12/29/2010,62.13,4.975M,9.835M
Tu,12/28/2010,62.05,6.354M,10.139M
Mo,12/27/2010,61.93,5.164M,10.314M
,,,,
Th,12/23/2010,62.25,7.25M,10.629M
We,12/22/2010,62.02,8.85M,10.823M
Tu,12/21/2010,62.34,7.908M,11.257M
Mo,12/20/2010,62.49,8.907M,11.572M
,,,,
Fr,12/17/2010,62.54,15.961M,11.78M
Th,12/16/2010,62.4,11.151M,11.025M
We,12/15/2010,62.57,11.536M,10.924M
Tu,12/14/2010,62.77,13.491M,11.139M
Mo,12/13/2010,61.86,13.674M,10.985M
,,,,
Fr,12/10/2010,61.91,11.459M,10.933M
Th,12/9/2010,62.06,12.966M,10.796M
We,12/8/2010,62.45,7.879M,10.426M
Tu,12/7/2010,62.31,9.529M,10.945M
Mo,12/6/2010,62.2,8.989M,11.159M
,,,,
Fr,12/3/2010,62.56,9.883M,11.422M
Th,12/2/2010,62.6,10.16M,11.371M
We,12/1/2010,62.42,15.365M,11.413M
Tu,11/30/2010,61.55,12.633M,11.004M
Mo,11/29/2010,61.91,12.019M,10.727M
,,,,
Fr,11/26/2010,62.3,4.639M,10.544M
We,11/24/2010,63.29,9.636M,10.991M
Tu,11/23/2010,62.87,14.766M,10.97M
Mo,11/22/2010,63.62,11.179M,10.561M
,,,,
Fr,11/19/2010,63.83,12.89M,10.44M
Th,11/18/2010,63.83,9.401M,10.201M
We,11/17/2010,63.06,7.417M,10.249M
Tu,11/16/2010,63.14,15.672M,10.549M
Mo,11/15/2010,64.14,12.729M,9.979M
,,,,
Fr,11/12/2010,63.67,12.945M,9.65M
Th,11/11/2010,63.92,9.109M,9.239M
We,11/10/2010,63.95,10.795M,9.372M
Tu,11/9/2010,64.31,9.225M,9.333M
Mo,11/8/2010,64.33,8.485M,9.867M
,,,,
Fr,11/5/2010,64.65,9.276M,10.025M
Th,11/4/2010,64.76,11.337M,10.291M
We,11/3/2010,64.19,9.322M,10.112M
Tu,11/2/2010,63.88,8.632M,10.164M
Mo,11/1/2010,63.69,9.36M,10.169M
,,,,
Fr,10/29/2010,63.74,9.31M,9.957M
Th,10/28/2010,63.56,10.122M,9.826M
We,10/27/2010,63.57,11.916M,9.807M
Tu,10/26/2010,63.84,7.123M,9.768M
Mo,10/25/2010,63.98,7.795M,10.123M
,,,,
Fr,10/22/2010,63.81,6.775M,10.184M
Th,10/21/2010,63.99,11.112M,10.384M
We,10/20/2010,63.6,10.207M,10.499M
Tu,10/19/2010,63.29,17.235M,10.459M
Mo,10/18/2010,63.86,10.849M,10.12M
,,,,
Fr,10/15/2010,63.57,13.265M,9.909M
Th,10/14/2010,63.74,8.654M,9.867M
We,10/13/2010,63.58,10.105M,9.85M
Tu,10/12/2010,63.29,8.707M,9.8M
Mo,10/11/2010,63.3,6.173M,9.849M
,,,,
Fr,10/8/2010,63.23,7.358M,10.182M
Th,10/7/2010,63.22,9.828M,10.507M
We,10/6/2010,63.21,11.34M,10.552M
Tu,10/5/2010,62.8,12.439M,10.403M
Mo,10/4/2010,61.67,8.71M,10.235M
,,,,
Fr,10/1/2010,61.75,9.773M,10.368M
Th,9/30/2010,61.96,12.846M,10.274M
We,9/29/2010,62.31,9.597M,10.356M
Tu,9/28/2010,62.43,12.155M,10.277M
Mo,9/27/2010,62.03,7.688M,9.842M
,,,,
Fr,9/24/2010,62.14,12.637M,9.831M
Th,9/23/2010,61.81,8.395M,9.528M
We,9/22/2010,61.97,9.353M,9.742M
Tu,9/21/2010,61.94,9.449M,10.09M
Mo,9/20/2010,62.09,11.161M,10.076M
,,,,
Fr,9/17/2010,61.57,12.241M,10.11M
Th,9/16/2010,61.29,10.496M,10.15M
We,9/15/2010,61.05,9.111M,10.229M
Tu,9/14/2010,60.58,9.913M,10.618M
Mo,9/13/2010,60.32,10.707M,10.546M
,,,,
Fr,9/10/2010,59.98,8.359M,10.585M
Th,9/9/2010,59.82,14.078M,10.824M
We,9/8/2010,58.85,8.412M,10.588M
Tu,9/7/2010,58.7,5.626M,10.926M
,,,,
Fr,9/3/2010,58.93,7.533M,11.134M
Th,9/2/2010,58.61,8.084M,11.202M
We,9/1/2010,58.29,11.604M,11.212M
Tu,8/31/2010,57.02,14.572M,11.203M
Mo,8/30/2010,57.3,9.24M,11.135M
,,,,
Fr,8/27/2010,57.6,11.675M,10.965M
Th,8/26/2010,57.8,12.842M,10.755M
We,8/25/2010,57.98,11.679M,10.552M
Tu,8/24/2010,58.01,14.938M,10.474M
Mo,8/23/2010,58.87,8.844M,10.201M
,,,,
Fr,8/20/2010,58.74,11.286M,10.375M
Th,8/19/2010,58.72,11.95M,10.489M
We,8/18/2010,59.35,10.535M,10.561M
Tu,8/17/2010,59.22,13.479M,10.759M
Mo,8/16/2010,58.01,8.751M,10.991M
,,,,
Fr,8/13/2010,58.15,8.55M,11.193M
Th,8/12/2010,58.52,8.241M,11.628M
We,8/11/2010,58.5,11.47M,12.277M
Tu,8/10/2010,59.43,13.551M,13.226M
Mo,8/9/2010,60.05,6.678M,13.81M
,,,,
Fr,8/6/2010,59.96,8.524M,14.05M
Th,8/5/2010,59.76,9.797M,14.653M
We,8/4/2010,59.74,10.509M,14.856M
Tu,8/3/2010,59.35,10.855M,14.8M
Mo,8/2/2010,58.72,11.456M,14.804M
,,,,
Fr,7/30/2010,58.09,12.985M,14.76M
Th,7/29/2010,57.83,13.037M,14.706M
We,7/28/2010,57.83,13.504M,14.897M
Tu,7/27/2010,58.1,16.964M,15.149M
Mo,7/26/2010,57.74,11.777M,15.049M
,,,,
Fr,7/23/2010,57.63,15.077M,14.966M
Th,7/22/2010,57.02,17.973M,15.159M
We,7/21/2010,57.12,25.708M,15.014M
Tu,7/20/2010,58.58,22.305M,14.65M
Mo,7/19/2010,59.57,10.277M,14.218M
,,,,
Fr,7/16/2010,59.44,17.57M,16.534M
Th,7/15/2010,60.26,12.839M,16.577M
We,7/14/2010,60.62,9.668M,16.565M
Tu,7/13/2010,60.5,10.924M,16.842M
Mo,7/12/2010,60.21,10.797M,16.924M
,,,,
Fr,7/9/2010,60.54,12.174M,17.327M
Th,7/8/2010,61.38,15.9M,17.297M
We,7/7/2010,60.61,17.28M,16.813M
Tu,7/6/2010,59.08,15.461M,16.401M
,,,,
Fr,7/2/2010,59.08,10.535M,16.072M
Th,7/1/2010,59.07,17.974M,16.35M
We,6/30/2010,59.06,15.802M,16.285M
Tu,6/29/2010,59.24,20.24M,16.11M
Mo,6/28/2010,59.45,15.834M,15.756M
,,,,
Fr,6/25/2010,58.7,45.013M,15.624M
Th,6/24/2010,59.6,18.216M,14.075M
We,6/23/2010,59.24,12.66M,13.811M
Tu,6/22/2010,59.16,13.824M,14.006M
Mo,6/21/2010,59.13,12.144M,14.385M
,,,,
Fr,6/18/2010,59.18,16.845M,15.363M
Th,6/17/2010,59.18,11.723M,16.236M
We,6/16/2010,59.24,8.637M,16.715M
Tu,6/15/2010,59.14,11.103M,17.551M
Mo,6/14/2010,58.42,10.524M,17.747M
,,,,
Fr,6/11/2010,58.46,14.713M,18.5M
Th,6/10/2010,58.5,16.995M,19.126M
We,6/9/2010,58.17,13.173M,19.251M
Tu,6/8/2010,58.64,14.941M,19.605M
Mo,6/7/2010,58,13.844M,19.293M
,,,,
Fr,6/4/2010,58.01,21.785M,19.204M
Th,6/3/2010,59.77,14.254M,18.574M
We,6/2/2010,59.73,15.582M,18.359M
Tu,6/1/2010,58.76,19.511M,18.046M
,,,,
Fr,5/28/2010,58.3,26.819M,17.975M
Th,5/27/2010,59.03,29.931M,17.551M
We,5/26/2010,59.66,18.915M,17.183M
Tu,5/25/2010,60.35,21.179M,16.798M
Mo,5/24/2010,60.57,14.045M,16.38M
,,,,
Fr,5/21/2010,60.88,21.813M,16.464M
Th,5/20/2010,60.55,24.106M,15.96M
We,5/19/2010,62.22,18.865M,14.882M
Tu,5/18/2010,62.97,18.483M,14.456M
Mo,5/17/2010,63.88,10.261M,14.015M
,,,,
Fr,5/14/2010,63.97,12.505M,13.95M
Th,5/13/2010,64.67,12.337M,13.894M
We,5/12/2010,64.9,11.037M,14.377M
Tu,5/11/2010,64.67,10.88M,14.532M
Mo,5/10/2010,64.75,18.445M,14.601M
,,,,
Fr,5/7/2010,63.31,20.468M,14.346M
Th,5/6/2010,63.4,24.41M,14.032M
We,5/5/2010,65.14,13.144M,12.981M
Tu,5/4/2010,64.7,14.901M,12.805M
Mo,5/3/2010,65.33,15.31M,12.644M
,,,,
Fr,4/30/2010,64.3,14.256M,12.203M
Th,4/29/2010,65.01,7.93M,11.717M
We,4/28/2010,64.62,12.477M,11.786M
Tu,4/27/2010,64.28,11.863M,11.582M
Mo,4/26/2010,64.76,9.281M,11.342M
,,,,
Fr,4/23/2010,65.04,11.675M,11.297M
Th,4/22/2010,64.78,19.583M,11.226M
We,4/21/2010,65.39,13.356M,10.716M
Tu,4/20/2010,65.99,11.916M,10.38M
Mo,4/19/2010,66.03,14.626M,10.106M
,,,,
Fr,4/16/2010,65.02,15.744M,9.761M
Th,4/15/2010,65.51,8.657M,9.411M
We,4/14/2010,65.49,10.502M,9.458M
Tu,4/13/2010,65.68,12.482M,9.388M
Mo,4/12/2010,65.11,8.696M,9.143M
,,,,
Fr,4/9/2010,65.14,6.973M,10.104M
Th,4/8/2010,64.93,8.963M,10.422M
We,4/7/2010,65.22,9.409M,10.362M
Tu,4/6/2010,65.31,8.26M,10.327M
Mo,4/5/2010,65.4,8.618M,10.273M
,,,,
Th,4/1/2010,65.77,10.601M,10.246M
We,3/31/2010,65.2,11.939M,10.204M
Tu,3/30/2010,64.9,8.312M,9.97M
Mo,3/29/2010,64.82,7.813M,10.004M
,,,,
Fr,3/26/2010,64.38,9.45M,11.709M
Th,3/25/2010,64.57,10.497M,11.788M
We,3/24/2010,64.75,9.351M,11.626M
Tu,3/23/2010,65.36,9.454M,11.627M
Mo,3/22/2010,65.1,8.804M,11.597M
,,,,
Fr,3/19/2010,65.11,23.118M,11.625M
Th,3/18/2010,65.06,11.742M,10.708M
We,3/17/2010,64.65,8.061M,10.627M
Tu,3/16/2010,64.53,8.888M,10.657M
Mo,3/15/2010,64.57,7.445M,10.897M
,,,,
Fr,3/12/2010,64.18,8.223M,11.057M
Th,3/11/2010,64.22,9.959M,11.457M
We,3/10/2010,64.29,8.437M,11.343M
Tu,3/9/2010,64.27,8.827M,11.413M
Mo,3/8/2010,64.2,33.38M,11.506M
,,,,
Fr,3/5/2010,64.04,10.634M,10.103M
Th,3/4/2010,63.57,8.068M,9.951M
We,3/3/2010,63.4,9.36M,10.087M
Tu,3/2/2010,63.44,9.014M,10.22M
Mo,3/1/2010,63.39,9.219M,10.291M
,,,,
Fr,2/26/2010,63,9.358M,10.795M
Th,2/25/2010,63.28,10.529M,11.398M
We,2/24/2010,63.45,8.519M,11.313M
Tu,2/23/2010,63.31,12.481M,11.652M
Mo,2/22/2010,63.49,9.84M,11.497M
,,,,
Fr,2/19/2010,63.81,14.222M,12.031M
Th,2/18/2010,64.53,8.261M,12.223M
We,2/17/2010,63.98,9.485M,12.671M
Tu,2/16/2010,63.61,10.212M,13.081M
,,,,
Fr,2/12/2010,62.72,12.336M,13.067M
Th,2/11/2010,62.91,8.354M,13.179M
We,2/10/2010,62.73,10.116M,13.587M
Tu,2/9/2010,62.76,11.356M,13.781M
Mo,2/8/2010,62.37,10.082M,14.036M
,,,,
Fr,2/5/2010,62.64,16.775M,14.764M
Th,2/4/2010,62.64,18.397M,14.172M
We,2/3/2010,63.63,9.256M,13.814M
Tu,2/2/2010,63.99,13.61M,13.918M
Mo,2/1/2010,63.09,10.153M,13.543M
,,,,
Fr,1/29/2010,62.86,17.847M,13.392M
Th,1/28/2010,63.8,17.102M,12.929M
We,1/27/2010,63.44,14.982M,12.667M
Tu,1/26/2010,62.79,15.63M,12.38M
Mo,1/25/2010,63.22,10.003M,11.972M
,,,,
Fr,1/22/2010,63.2,14.017M,11.769M
Th,1/21/2010,63.97,14.476M,11.208M
We,1/20/2010,65.15,13.033M,10.687M
Tu,1/19/2010,65.35,15.182M,10.198M
,,,,
Fr,1/15/2010,64.56,20.995M,9.348M
Th,1/14/2010,65.1,7.899M,8.372M
We,1/13/2010,64.97,13.024M,8.321M
Tu,1/12/2010,64.56,10.821M,8.194M
Mo,1/11/2010,64.22,7.976M,8.951M
,,,,
Fr,1/8/2010,64.21,7.898M,9.092M
Th,1/7/2010,63.99,10.902M,9.454M
We,1/6/2010,64.45,13.171M,9.443M
Tu,1/5/2010,63.93,10.673M,9.109M
Mo,1/4/2010,64.68,9.506M,8.877M
,,,,
Th,12/31/2009,64.41,6.963M,8.833M
We,12/30/2009,64.91,5.602M,8.963M
Tu,12/29/2009,64.94,6.662M,9.328M
Mo,12/28/2009,64.94,5.693M,9.491M
,,,,
Th,12/24/2009,64.7,2.434M,10.111M
We,12/23/2009,64.57,6.36M,10.783M
Tu,12/22/2009,64.53,7.125M,11.086M
Mo,12/21/2009,64.33,11.125M,11.431M
,,,,
Fr,12/18/2009,64.37,22.178M,11.41M
Th,12/17/2009,64.47,10.089M,10.337M
We,12/16/2009,64.8,13.333M,10.144M
Tu,12/15/2009,64.74,10.725M,9.9M
Mo,12/14/2009,64.96,8.172M,10.11M
,,,,
Fr,12/11/2009,64.85,7.195M,10.651M
Th,12/10/2009,64.77,8.842M,11.058M
We,12/9/2009,64.38,8.912M,11.237M
Tu,12/8/2009,64.25,11.074M,11.405M
Mo,12/7/2009,64.37,9.107M,11.584M
,,,,
Fr,12/4/2009,64.36,14.993M,11.641M
Th,12/3/2009,64.16,12.52M,11.553M
We,12/2/2009,63.88,10.896M,11.464M
Tu,12/1/2009,63.51,12.302M,11.523M
Mo,11/30/2009,62.84,10.815M,11.488M
,,,,
Fr,11/27/2009,62.89,6.081M,11.334M
We,11/25/2009,63.3,7.187M,11.542M
Tu,11/24/2009,63.18,9.681M,11.991M
Mo,11/23/2009,62.69,13.868M,12.491M
,,,,
Fr,11/20/2009,62.31,16.3M,12.386M
Th,11/19/2009,62.43,13.298M,12.697M
We,11/18/2009,62.32,11.523M,12.741M
Tu,11/17/2009,62.17,11.426M,12.895M
Mo,11/16/2009,62.19,13.768M,12.818M
,,,,
Fr,11/13/2009,61.43,9.951M,12.688M
Th,11/12/2009,61.15,13.683M,12.74M
We,11/11/2009,60.87,11.18M,12.49M
Tu,11/10/2009,61.23,11.776M,12.58M
Mo,11/9/2009,60.75,11.774M,12.844M
,,,,
Fr,11/6/2009,60.3,8.519M,12.822M
Th,11/5/2009,59.98,9.19M,13.181M
We,11/4/2009,59.52,13.929M,13.507M
Tu,11/3/2009,58.93,17.177M,13.842M
Mo,11/2/2009,59.49,12.298M,14.264M
,,,,
Fr,10/30/2009,59.05,20.967M,14.291M
Th,10/29/2009,59.86,13.954M,13.509M
We,10/28/2009,59.57,13.837M,13.194M
Tu,10/27/2009,60.02,10.27M,12.756M
Mo,10/26/2009,60.09,11.809M,12.856M
,,,,
Fr,10/23/2009,60.54,10.744M,12.543M
Th,10/22/2009,60.94,9.93M,12.435M
We,10/21/2009,60.31,12.53M,12.587M
Tu,10/20/2009,60.59,15.726M,12.487M
Mo,10/19/2009,61.16,11.443M,11.943M
,,,,
Fr,10/16/2009,60.46,13.913M,11.761M
Th,10/15/2009,60.94,14.077M,11.359M
We,10/14/2009,60.55,18.952M,11.04M
Tu,10/13/2009,61.01,23.508M,10.522M
Mo,10/12/2009,62.53,12.7M,9.621M
,,,,
Fr,10/9/2009,61.74,9.248M,9.257M
Th,10/8/2009,60.94,9.221M,9.605M
We,10/7/2009,60.71,7.271M,9.807M
Tu,10/6/2009,60.29,11.766M,10.045M
Mo,10/5/2009,59.82,7.114M,9.815M
,,,,
Fr,10/2/2009,59.73,9.125M,9.785M
Th,10/1/2009,59.81,12.208M,9.742M
We,9/30/2009,60.89,11.039M,9.516M
Tu,9/29/2009,60.93,7.557M,9.4M
Mo,9/28/2009,61.27,8.721M,9.483M
,,,,
Fr,9/25/2009,60.62,7.884M,9.396M
Th,9/24/2009,60.72,9.291M,9.452M
We,9/23/2009,60.77,11.175M,9.406M
Tu,9/22/2009,61.08,9.997M,9.453M
Mo,9/21/2009,60.67,7.238M,9.466M
,,,,
Fr,9/18/2009,60.78,14.464M,9.709M
Th,9/17/2009,60.77,12.261M,9.481M
We,9/16/2009,60.19,10.831M,9.388M
Tu,9/15/2009,60.15,8.321M,9.386M
Mo,9/14/2009,60.34,6.656M,9.532M
,,,,
Fr,9/11/2009,60.42,8.48M,9.928M
Th,9/10/2009,60.66,8.825M,10.026M
We,9/9/2009,60.92,9.303M,10.137M
Tu,9/8/2009,60.57,8.793M,10.104M
,,,,
Fr,9/4/2009,60.32,7.425M,10.38M
Th,9/3/2009,59.69,8.726M,10.482M
We,9/2/2009,59.76,8.587M,10.456M
Tu,9/1/2009,59.94,11.891M,10.432M
Mo,8/31/2009,60.44,10.181M,10.193M
,,,,
Fr,8/28/2009,60.29,10.898M,10.148M
Th,8/27/2009,60.49,11.032M,10.087M
We,8/26/2009,60.63,10.865M,10.074M
Tu,8/25/2009,61.14,10.811M,9.921M
Mo,8/24/2009,61.28,10.501M,9.794M
,,,,
Fr,8/21/2009,61.03,12.594M,9.84M
Th,8/20/2009,60.95,9.955M,9.882M
We,8/19/2009,60.37,10.499M,10.061M
Tu,8/18/2009,59.8,8.803M,10.063M
Mo,8/17/2009,59.82,12.926M,10.077M
,,,,
Fr,8/14/2009,60.08,8.961M,9.745M
Th,8/13/2009,60.32,8.338M,9.909M
We,8/12/2009,60.59,8.22M,10.186M
Tu,8/11/2009,60.22,8.302M,10.262M
Mo,8/10/2009,60.72,9.519M,10.456M
,,,,
Fr,8/7/2009,59.9,9.975M,10.437M
Th,8/6/2009,59.93,10.835M,10.526M
We,8/5/2009,60.45,8.575M,10.577M
Tu,8/4/2009,61.06,8.91M,10.871M
Mo,8/3/2009,61.1,11.181M,11.639M
,,,,
Fr,7/31/2009,60.89,13.233M,11.798M
Th,7/30/2009,61.79,12.638M,11.826M
We,7/29/2009,61.16,10.523M,11.739M
Tu,7/28/2009,60.92,9.025M,12.065M
Mo,7/27/2009,61.27,7.941M,12.109M
,,,,
Fr,7/24/2009,61.51,11.413M,12.438M
Th,7/23/2009,60.22,12.495M,12.685M
We,7/22/2009,59.19,9.359M,12.873M
Tu,7/21/2009,59.49,11.223M,13.314M
Mo,7/20/2009,59.06,9.227M,13.487M
,,,,
Fr,7/17/2009,59.23,11.311M,15.025M
Th,7/16/2009,59.25,11.596M,15.22M
We,7/15/2009,58.96,12.987M,15.278M
Tu,7/14/2009,58.23,20.434M,15.243M
Mo,7/13/2009,57.72,13.565M,14.763M
,,,,
Fr,7/10/2009,56.93,13.662M,15.147M
Th,7/9/2009,56.69,11.325M,15.044M
We,7/8/2009,57.08,15.414M,15.159M
Tu,7/7/2009,56.23,9.679M,14.972M
Mo,7/6/2009,56.62,12.879M,15.314M
,,,,
Th,7/2/2009,55.98,15.12M,15.248M
We,7/1/2009,57.07,15.318M,15.092M
Tu,6/30/2009,56.8,15.975M,14.955M
Mo,6/29/2009,56.96,13.814M,14.635M
,,,,
Fr,6/26/2009,56.6,32.298M,14.373M
Th,6/25/2009,56.27,14.24M,12.901M
We,6/24/2009,55.46,12.468M,12.766M
Tu,6/23/2009,55.01,12.447M,12.681M
Mo,6/22/2009,55.49,13.238M,12.537M
,,,,
Fr,6/19/2009,56.09,19.335M,12.484M
Th,6/18/2009,55.79,12.104M,12.029M
We,6/17/2009,55.2,13.062M,11.948M
Tu,6/16/2009,54.62,12.607M,11.909M
Mo,6/15/2009,54.75,14.81M,11.828M
,,,,
Fr,6/12/2009,56.06,11.882M,11.336M
Th,6/11/2009,56.05,12.778M,11.377M
We,6/10/2009,55.66,13.264M,11.441M
Tu,6/9/2009,55.7,11.174M,11.446M
Mo,6/8/2009,55.63,9.891M,11.561M
,,,,
Fr,6/5/2009,55.93,10.215M,11.997M
Th,6/4/2009,55.84,12.22M,12.115M
We,6/3/2009,56.16,11.191M,12.032M
Tu,6/2/2009,56.21,10.277M,12.074M
Mo,6/1/2009,55.78,12.454M,12.26M
,,,,
Fr,5/29/2009,55.16,12.505M,12.299M
Th,5/28/2009,54.53,10.891M,12.481M
We,5/27/2009,54.22,12.481M,12.863M
Tu,5/26/2009,55.26,11.39M,12.919M
,,,,
Fr,5/22/2009,54.77,7.426M,13.168M
Th,5/21/2009,54.99,12.501M,13.506M
We,5/20/2009,55.87,13.73M,14.007M
Tu,5/19/2009,55.89,13.351M,14.324M
Mo,5/18/2009,56.05,12.888M,14.24M
,,,,
Fr,5/15/2009,55.41,16.431M,14.251M
Th,5/14/2009,55.02,11.986M,14.14M
We,5/13/2009,55.15,10.972M,14.314M
Tu,5/12/2009,55,11.826M,14.473M
Mo,5/11/2009,54.11,13.074M,14.5M
,,,,
Fr,5/8/2009,54.98,13.031M,14.649M
Th,5/7/2009,54.89,15.245M,14.96M
We,5/6/2009,54.21,16.619M,14.758M
Tu,5/5/2009,54.36,13.321M,14.417M
Mo,5/4/2009,53.76,15.115M,14.914M
,,,,
Fr,5/1/2009,52.59,12.505M,14.711M
Th,4/30/2009,52.36,20.005M,14.881M
We,4/29/2009,51.03,18.497M,14.277M
Tu,4/28/2009,50.65,12.084M,13.919M
Mo,4/27/2009,50.86,13.057M,13.965M
,,,,
Fr,4/24/2009,50.92,14.768M,14.109M
Th,4/23/2009,51.4,14.596M,14.286M
We,4/22/2009,51.18,13.349M,14.228M
Tu,4/21/2009,52.46,12.237M,14.573M
Mo,4/20/2009,52.47,15.309M,14.807M
,,,,
Fr,4/17/2009,53.05,17.692M,14.539M
Th,4/16/2009,52.2,12.217M,14.332M
We,4/15/2009,51.77,11.505M,14.572M
Tu,4/14/2009,51.37,20.773M,14.945M
Mo,4/13/2009,51.15,12.069M,14.815M
,,,,
Th,4/9/2009,51.41,15.059M,15.85M
We,4/8/2009,51.45,10.943M,16.11M
Tu,4/7/2009,51.36,13.132M,16.496M
Mo,4/6/2009,52.2,12.769M,16.777M
,,,,
Fr,4/3/2009,52.15,15.214M,17.029M
Th,4/2/2009,52.97,17.423M,17.116M
We,4/1/2009,53.04,13.731M,17.043M
Tu,3/31/2009,52.6,18.519M,17.232M
Mo,3/30/2009,53.01,15.744M,17.457M
,,,,
Fr,3/27/2009,52.83,11.294M,17.961M
Th,3/26/2009,52.9,14.584M,18.488M
We,3/25/2009,52.86,15.822M,19.006M
Tu,3/24/2009,52.7,17.094M,19.568M
Mo,3/23/2009,53.23,18.823M,20.161M
,,,,
Fr,3/20/2009,51.67,27.596M,20.767M
Th,3/19/2009,50.06,18.964M,20.919M
We,3/18/2009,50.66,16.734M,21.074M
Tu,3/17/2009,50.72,17.348M,21.36M
Mo,3/16/2009,50.73,16.548M,21.46M
,,,,
Fr,3/13/2009,50.64,16.51M,21.723M
Th,3/12/2009,49,16.337M,22.251M
We,3/11/2009,47.9,16.569M,21.975M
Tu,3/10/2009,47.78,21.884M,21.905M
Mo,3/9/2009,46.6,23.305M,21.463M
,,,,
Fr,3/6/2009,47.97,19.203M,20.747M
Th,3/5/2009,47.67,22.35M,20.428M
We,3/4/2009,49.1,24.254M,19.918M
Tu,3/3/2009,47.64,25.994M,19.408M
Mo,3/2/2009,47.92,27.904M,18.299M
,,,,
Fr,2/27/2009,50,29.88M,17.203M
Th,2/26/2009,52.44,21.288M,16.196M
We,2/25/2009,53.96,21.018M,15.54M
Tu,2/24/2009,54.54,18.849M,15.017M
Mo,2/23/2009,53.65,20.501M,14.49M
,,,,
Fr,2/20/2009,54.65,24.427M,14.047M
Th,2/19/2009,55.93,12.201M,13.496M
We,2/18/2009,55.83,15.517M,13.892M
Tu,2/17/2009,55.98,15.248M,13.842M
,,,,
Fr,2/13/2009,57.1,12.564M,13.928M
Th,2/12/2009,57.78,14.428M,14.513M
We,2/11/2009,57.33,14.693M,14.828M
Tu,2/10/2009,56.73,16.613M,15.336M
Mo,2/9/2009,58.5,9.357M,15.772M
,,,,
Fr,2/6/2009,58.51,11.459M,16.531M
Th,2/5/2009,58.11,14.781M,17.126M
We,2/4/2009,57.96,11.44M,17.255M
Tu,2/3/2009,58.58,13.182M,17.526M
Mo,2/2/2009,57.69,10.934M,17.664M
,,,,
Fr,1/30/2009,57.69,13.859M,17.915M
Th,1/29/2009,58.28,16.159M,18.148M
We,1/28/2009,58.56,18.146M,18.025M
Tu,1/27/2009,57.54,14.772M,18.288M
Mo,1/26/2009,56.55,16.536M,18.34M
,,,,
Fr,1/23/2009,55.97,21.334M,18.014M
Th,1/22/2009,56.87,19.149M,17.386M
We,1/21/2009,56.36,22.313M,16.835M
Tu,1/20/2009,56.75,23.154M,16.005M
,,,,
Fr,1/16/2009,57.44,20.748M,14.744M
Th,1/15/2009,57.62,20.384M,13.604M
We,1/14/2009,57.95,16.708M,12.949M
Tu,1/13/2009,58.84,15.513M,12.779M
Mo,1/12/2009,58.34,15.254M,13.287M
,,,,
Fr,1/9/2009,59.05,14.699M,13.531M
Th,1/8/2009,59.02,17.346M,13.607M
We,1/7/2009,59.13,14.314M,13.645M
Tu,1/6/2009,59.69,22.102M,13.557M
Mo,1/5/2009,60.05,15.544M,13.067M
,,,,
Fr,1/2/2009,60.65,11.643M,13.098M
We,12/31/2008,59.83,11.921M,13.197M
Tu,12/30/2008,59.17,10.881M,13.321M
Mo,12/29/2008,58.15,9.86M,13.686M
,,,,
Fr,12/26/2008,58.56,4.249M,14.137M
We,12/24/2008,58.56,3.639M,14.99M
Tu,12/23/2008,58.68,10.56M,16.002M
Mo,12/22/2008,58.93,14.157M,16.37M
,,,,
Fr,12/19/2008,58.84,23.132M,16.686M
Th,12/18/2008,58.99,18.92M,15.657M
We,12/17/2008,58.78,15.838M,15.629M
Tu,12/16/2008,59.6,17.92M,16.001M
Mo,12/15/2008,57.81,12.984M,16.174M
,,,,
Fr,12/12/2008,57.25,14.752M,17.362M
Th,12/11/2008,58.25,16.01M,18.448M
We,12/10/2008,57.8,13.133M,19.216M
Tu,12/9/2008,57.81,13.779M,19.754M
Mo,12/8/2008,58.77,16.361M,19.94M
,,,,
Fr,12/5/2008,58.23,16.615M,20.321M
Th,12/4/2008,56.18,17.054M,21.033M
We,12/3/2008,57.32,18.808M,21.122M
Tu,12/2/2008,56.83,16.081M,20.828M
Mo,12/1/2008,55.33,18.903M,20.634M
,,,,
Fr,11/28/2008,58.58,7.69M,20.457M
We,11/26/2008,58.27,18.508M,21.471M
Tu,11/25/2008,58.7,21.417M,21.555M
Mo,11/24/2008,59.11,20.509M,21.104M
,,,,
Fr,11/21/2008,58.35,30.802M,20.526M
Th,11/20/2008,55.81,31.047M,19.792M
We,11/19/2008,58.12,27.537M,19.297M
Tu,11/18/2008,60.89,21.2M,19.396M
Mo,11/17/2008,59.27,16.572M,19.817M
,,,,
Fr,11/14/2008,60.05,22.065M,20.117M
Th,11/13/2008,62.9,27.305M,20.188M
We,11/12/2008,57.92,18.385M,19.934M
Tu,11/11/2008,59.55,14.394M,20.263M
Mo,11/10/2008,60.01,13.178M,20.24M
,,,,
Fr,11/7/2008,60.22,16.246M,20.564M
Th,11/6/2008,57.92,22.901M,21.164M
We,11/5/2008,59.85,19.761M,21.944M
Tu,11/4/2008,61.89,14.657M,22.298M
Mo,11/3/2008,61.16,11.847M,23.916M
,,,,
Fr,10/31/2008,61.34,19.785M,25.295M
Th,10/30/2008,60.57,23.63M,27.316M
We,10/29/2008,61.53,29.02M,27.974M
Tu,10/28/2008,64.19,27.509M,28.566M
Mo,10/27/2008,60.15,21.071M,28.344M
,,,,
Fr,10/24/2008,60.79,23.133M,29.171M
Th,10/23/2008,62.45,23.492M,29.325M
We,10/22/2008,61.42,23.325M,29.819M
Tu,10/21/2008,63.66,14.043M,29.967M
Mo,10/20/2008,64.44,18.035M,30.339M
,,,,
Fr,10/17/2008,62.65,25.254M,30.854M
Th,10/16/2008,63.5,34.604M,30.043M
We,10/15/2008,60.54,25.066M,28.707M
Tu,10/14/2008,64,38.92M,27.868M
Mo,10/13/2008,62.68,32.539M,26.182M
,,,,
Fr,10/10/2008,55.85,50.095M,25.084M
Th,10/9/2008,57.58,33.497M,23.574M
We,10/8/2008,62.36,37.911M,23.293M
Tu,10/7/2008,62.49,24.173M,22.377M
Mo,10/6/2008,64.5,33.472M,22.321M
,,,,
Fr,10/3/2008,66.16,25.448M,21.489M
Th,10/2/2008,67.79,30.898M,20.802M
We,10/1/2008,67.79,25.553M,19.79M
Tu,9/30/2008,69.28,19.624M,18.928M
Mo,9/29/2008,66.9,25.75M,18.889M
,,,,
Fr,9/26/2008,69.4,13.087M,18.188M
Th,9/25/2008,69.36,14.578M,18.032M
We,9/24/2008,68.19,12.471M,17.972M
Tu,9/23/2008,68.15,13.636M,17.797M
Mo,9/22/2008,68.41,16.068M,17.896M
,,,,
Fr,9/19/2008,69.99,27.446M,17.516M
Th,9/18/2008,70.93,29.283M,16.229M
We,9/17/2008,69.51,24.167M,14.837M
Tu,9/16/2008,69.8,23.336M,13.655M
Mo,9/15/2008,69.61,20.987M,12.647M
,,,,
Fr,9/12/2008,70.59,15.141M,11.762M
Th,9/11/2008,71.16,15.726M,11.275M
We,9/10/2008,71.23,12.614M,10.912M
Tu,9/9/2008,71.34,19.05M,10.68M
Mo,9/8/2008,72.22,15.227M,10.066M
,,,,
Fr,9/5/2008,70.67,10.748M,9.771M
Th,9/4/2008,70.45,13.676M,9.685M
We,9/3/2008,71.51,9.844M,9.48M
Tu,9/2/2008,71.73,15.123M,9.403M
,,,,
Fr,8/29/2008,70.43,10.368M,9.077M
Th,8/28/2008,71.41,8.148M,
We,8/27/2008,71.21,8.399M,
Tu,8/26/2008,70.71,6.441M,
Mo,8/25/2008,70.8,8.205M,
,,,,
Fr,8/22/2008,71.42,7.718M,
Th,8/21/2008,71.28,7.84M,
We,8/20/2008,71.08,10.278M,
Tu,8/19/2008,71.15,9.134M,
Mo,8/18/2008,71.09,9.846M,
,,,,
Fr,8/15/2008,71.33,10.791M,
Th,8/14/2008,71.19,9.459M,
We,8/13/2008,71.2,10.601M,
Tu,8/12/2008,71.7,8.697M,
Mo,8/11/2008,71.66,10.232M,